사고다발지FID,사고다발지ID,법정동코드,지점코드,시도시군구명,지점명,발생건수,사상자수,사망자수,중상자수,경상자수,부상신고자수,경도,위도,다발지역폴리곤
149767,2013098,4148025023,41480001,경기도 파주시1,경기도 파주시 문산읍((에스엠마트) 부근),3,3,0,2,1,0,126.7873099,37.86034671,"{""type"":""Polygon"",""coordinates"":[[[126.788917,37.8616208],[126.7885726,37.8618449],[126.7881796,37.8620115],[126.7877533,37.862114],[126.7873099,37.8621486],[126.7868665,37.862114],[126.7864401,37.8620115],[126.7860472,37.8618449],[126.7857028,37.8616208],[126.7854201,37.8613478],[126.7852101,37.8610363],[126.7850808,37.8606982],[126.7850371,37.8603467],[126.7850808,37.8599952],[126.7852101,37.8596571],[126.7854202,37.8593456],[126.7857028,37.8590726],[126.7860472,37.8588485],[126.7864401,37.858682],[126.7868665,37.8585794],[126.7873099,37.8585448],[126.7877532,37.8585794],[126.7881796,37.858682],[126.7885725,37.8588485],[126.7889169,37.8590726],[126.7891996,37.8593456],[126.7894096,37.8596571],[126.7895389,37.8599952],[126.7895826,37.8603467],[126.789539,37.8606982],[126.7894096,37.8610363],[126.7891996,37.8613478],[126.788917,37.8616208]]]}"
149768,2013098,4148010100,41480002,경기도 파주시2,경기도 파주시 금촌동((옛고을감자탕앞) 부근),3,3,0,2,1,0,126.7715206,37.75810346,"{""type"":""Polygon"",""coordinates"":[[[126.7731255,37.7593776],[126.7727815,37.7596017],[126.7723891,37.7597682],[126.7719634,37.7598708],[126.7715206,37.7599054],[126.7710778,37.7598708],[126.770652,37.7597682],[126.7702596,37.7596017],[126.7699157,37.7593776],[126.7696334,37.7591045],[126.7694237,37.758793],[126.7692945,37.758455],[126.7692509,37.7581034],[126.7692946,37.7577519],[126.7694237,37.7574139],[126.7696335,37.7571023],[126.7699157,37.7568293],[126.7702597,37.7566052],[126.770652,37.7564387],[126.7710778,37.7563362],[126.7715206,37.7563015],[126.7719633,37.7563362],[126.7723891,37.7564387],[126.7727815,37.7566052],[126.7731254,37.7568293],[126.7734077,37.7571023],[126.7736174,37.7574139],[126.7737466,37.7577519],[126.7737902,37.7581034],[126.7737466,37.758455],[126.7736175,37.758793],[126.7734077,37.7591045],[126.7731255,37.7593776]]]}"
195852,2014105,4148025021,41480001,경기도 파주시1,경기도 파주시 문산읍((롯데리아) 부근),4,4,0,3,1,0,126.7853151,37.85662535,"{""type"":""Polygon"",""coordinates"":[[[126.7869221,37.8578995],[126.7865777,37.8581236],[126.7861848,37.8582901],[126.7857585,37.8583926],[126.7853151,37.8584272],[126.7848717,37.8583926],[126.7844454,37.8582901],[126.7840524,37.8581236],[126.783708,37.8578995],[126.7834254,37.8576264],[126.7832154,37.8573149],[126.7830861,37.8569769],[126.7830424,37.8566253],[126.7830861,37.8562738],[126.7832154,37.8559358],[126.7834255,37.8556242],[126.7837081,37.8553512],[126.7840525,37.8551271],[126.7844454,37.8549606],[126.7848717,37.8548581],[126.7853151,37.8548234],[126.7857584,37.8548581],[126.7861848,37.8549606],[126.7865777,37.8551271],[126.7869221,37.8553512],[126.7872047,37.8556242],[126.7874147,37.8559358],[126.787544,37.8562738],[126.7875877,37.8566253],[126.7875441,37.8569769],[126.7874147,37.8573149],[126.7872047,37.8576264],[126.7869221,37.8578995]]]}"
5135936,2014105,4148010100,41480002,경기도 파주시2,경기도 파주시 금촌동((파주시여성회관) 부근),3,3,0,3,0,0,126.77379,37.75647326,"{""type"":""Polygon"",""coordinates"":[[[126.7753948,37.7577474],[126.7750509,37.7579715],[126.7746585,37.758138],[126.7742328,37.7582406],[126.77379,37.7582752],[126.7733472,37.7582406],[126.7729214,37.758138],[126.772529,37.7579715],[126.7721851,37.7577474],[126.7719029,37.7574743],[126.7716931,37.7571628],[126.771564,37.7568248],[126.7715204,37.7564732],[126.771564,37.7561217],[126.7716932,37.7557837],[126.7719029,37.7554721],[126.7721852,37.7551991],[126.7725291,37.754975],[126.7729215,37.7548085],[126.7733472,37.7547059],[126.77379,37.7546713],[126.7742327,37.7547059],[126.7746585,37.7548085],[126.7750509,37.754975],[126.7753948,37.7551991],[126.775677,37.7554721],[126.7758868,37.7557837],[126.7760159,37.7561217],[126.7760595,37.7564732],[126.7760159,37.7568248],[126.7758868,37.7571628],[126.7756771,37.7574743],[126.7753948,37.7577474]]]}"
5053221,2014105,4148026227,41480003,경기도 파주시3,경기도 파주시 조리읍(그린씨티동문아파트 부근),3,3,0,2,1,0,126.815967,37.72772134,"{""type"":""Polygon"",""coordinates"":[[[126.8175712,37.7289955],[126.8172274,37.7292196],[126.8168352,37.7293861],[126.8164096,37.7294887],[126.815967,37.7295233],[126.8155244,37.7294887],[126.8150988,37.7293861],[126.8147065,37.7292196],[126.8143627,37.7289955],[126.8140806,37.7287224],[126.813871,37.7284109],[126.8137419,37.7280729],[126.8136983,37.7277213],[126.8137419,37.7273698],[126.813871,37.7270318],[126.8140807,37.7267202],[126.8143628,37.7264472],[126.8147066,37.7262231],[126.8150988,37.7260566],[126.8155244,37.725954],[126.815967,37.7259194],[126.8164096,37.725954],[126.8168352,37.7260566],[126.8172274,37.7262231],[126.8175712,37.7264472],[126.8178533,37.7267202],[126.818063,37.7270318],[126.8181921,37.7273698],[126.8182357,37.7277213],[126.8181921,37.7280729],[126.818063,37.7284109],[126.8178534,37.7287224],[126.8175712,37.7289955]]]}"
6100026,2015048,4148010100,41480001,경기도 파주시1,경기도 파주시 금촌동((장안프라자) 부근),4,4,0,3,0,1,126.7766112,37.76073239,"{""type"":""Polygon"",""coordinates"":[[[126.7782162,37.7620065],[126.7778722,37.7622306],[126.7774798,37.7623972],[126.777054,37.7624997],[126.7766112,37.7625343],[126.7761684,37.7624997],[126.7757426,37.7623972],[126.7753502,37.7622306],[126.7750063,37.7620065],[126.774724,37.7617335],[126.7745143,37.7614219],[126.7743851,37.7610839],[126.7743415,37.7607324],[126.7743851,37.7603808],[126.7745143,37.7600428],[126.7747241,37.7597313],[126.7750063,37.7594582],[126.7753503,37.7592341],[126.7757427,37.7590676],[126.7761684,37.7589651],[126.7766112,37.7589305],[126.777054,37.7589651],[126.7774798,37.7590676],[126.7778722,37.7592341],[126.7782161,37.7594582],[126.7784984,37.7597313],[126.7787082,37.7600428],[126.7788373,37.7603808],[126.7788809,37.7607324],[126.7788373,37.7610839],[126.7787082,37.7614219],[126.7784985,37.7617335],[126.7782162,37.7620065]]]}"
6222442,2016146,4148025622,41480001,경기도 파주시1,경기도 파주시 법원읍(불타는구공탄 부근),6,6,1,3,1,1,126.8741008,37.84918802,"{""type"":""Polygon"",""coordinates"":[[[126.87589745,37.84918802],[126.87586293,37.84891125],[126.87576069,37.84864511],[126.87559466,37.84839984],[126.87537123,37.84818486],[126.87509897,37.84800843],[126.87478836,37.84787733],[126.87445132,37.84779659],[126.87410082,37.84776933],[126.87375031,37.84779659],[126.87341328,37.84787733],[126.87310266,37.84800843],[126.87283041,37.84818486],[126.87260697,37.84839984],[126.87244095,37.84864511],[126.87233871,37.84891125],[126.87230419,37.84918802],[126.87233871,37.84946479],[126.87244095,37.84973092],[126.87260697,37.84997619],[126.87283041,37.85019116],[126.87310266,37.85036759],[126.87341328,37.85049869],[126.87375031,37.85057942],[126.87410082,37.85060668],[126.87445132,37.85057942],[126.87478836,37.85049869],[126.87509897,37.85036759],[126.87537123,37.85019116],[126.87559466,37.84997619],[126.87576069,37.84973092],[126.87586293,37.84946479],[126.87589745,37.84918802]]]}"
6222508,2016146,4148010100,41480002,경기도 파주시2,경기도 파주시 금촌동((금촌한의원) 부근),5,5,0,2,3,0,126.7744542,37.76401229,"{""type"":""Polygon"",""coordinates"":[[[126.77625086,37.76401229],[126.77621633,37.7637352],[126.7761141,37.76346876],[126.77594807,37.7632232],[126.77572464,37.76300797],[126.77545238,37.76283133],[126.77514177,37.76270008],[126.77480473,37.76261926],[126.77445423,37.76259196],[126.77410372,37.76261926],[126.77376669,37.76270008],[126.77345607,37.76283133],[126.77318382,37.76300797],[126.77296038,37.7632232],[126.77279436,37.76346876],[126.77269212,37.7637352],[126.7726576,37.76401229],[126.77269212,37.76428937],[126.77279436,37.76455581],[126.77296038,37.76480136],[126.77318382,37.76501659],[126.77345607,37.76519322],[126.77376669,37.76532447],[126.77410372,37.76540529],[126.77445423,37.76543258],[126.77480473,37.76540529],[126.77514177,37.76532447],[126.77545238,37.76519322],[126.77572464,37.76501659],[126.77594807,37.76480136],[126.7761141,37.76455581],[126.77621633,37.76428937],[126.77625086,37.76401229]]]}"
6222443,2016146,4148026200,41480003,경기도 파주시3,경기도 파주시 조리읍((봉일아파트앞) 부근),4,4,0,2,2,0,126.8057191,37.74411716,"{""type"":""Polygon"",""coordinates"":[[[126.80751578,37.74411716],[126.80748126,37.74383999],[126.80737902,37.74357348],[126.80721299,37.74332786],[126.80698956,37.74311257],[126.8067173,37.74293589],[126.80640669,37.7428046],[126.80606965,37.74272375],[126.80571915,37.74269645],[126.80536864,37.74272375],[126.80503161,37.7428046],[126.80472099,37.74293589],[126.80444874,37.74311257],[126.80422531,37.74332786],[126.80405928,37.74357348],[126.80395704,37.74383999],[126.80392252,37.74411716],[126.80395704,37.74439432],[126.80405928,37.74466083],[126.80422531,37.74490644],[126.80444874,37.74512173],[126.80472099,37.74529841],[126.80503161,37.74542969],[126.80536864,37.74551053],[126.80571915,37.74553783],[126.80606965,37.74551053],[126.80640669,37.74542969],[126.8067173,37.74529841],[126.80698956,37.74512173],[126.80721299,37.74490644],[126.80737902,37.74466083],[126.80748126,37.74439432],[126.80751578,37.74411716]]]}"
6222779,2016146,4148010100,41480004,경기도 파주시4,경기도 파주시 금촌동((양평해장국앞) 부근),3,3,0,3,0,0,126.7753935,37.75850206,"{""type"":""Polygon"",""coordinates"":[[[126.77719018,37.75850206],[126.77715565,37.75822495],[126.77705341,37.75795849],[126.77688739,37.75771291],[126.77666395,37.75749767],[126.7763917,37.75732102],[126.77608109,37.75718976],[126.77574405,37.75710892],[126.77539354,37.75708163],[126.77504304,37.75710892],[126.774706,37.75718976],[126.77439539,37.75732102],[126.77412313,37.75749767],[126.7738997,37.75771291],[126.77373367,37.75795849],[126.77363144,37.75822495],[126.77359691,37.75850206],[126.77363144,37.75877917],[126.77373367,37.75904563],[126.7738997,37.75929119],[126.77412313,37.75950644],[126.77439539,37.75968308],[126.774706,37.75981434],[126.77504304,37.75989517],[126.77539354,37.75992246],[126.77574405,37.75989517],[126.77608109,37.75981434],[126.7763917,37.75968308],[126.77666395,37.75950644],[126.77688739,37.75929119],[126.77705341,37.75904563],[126.77715565,37.75877917],[126.77719018,37.75850206]]]}"
6250879,2017029,4148010100,41480001,경기도 파주시1,경기도 파주시 금촌동((양평해장국앞) 부근),7,8,1,5,2,0,126.7753828,37.75868638,"{""type"":""Polygon"",""coordinates"":[[[126.77717939,37.75868638],[126.77714487,37.75840927],[126.77704263,37.75814281],[126.7768766,37.75789724],[126.77665317,37.75768199],[126.77638091,37.75750534],[126.7760703,37.75737408],[126.77573327,37.75729325],[126.77538276,37.75726596],[126.77503225,37.75729325],[126.77469522,37.75737408],[126.77438461,37.75750534],[126.77411235,37.75768199],[126.77388892,37.75789724],[126.77372289,37.75814281],[126.77362065,37.75840927],[126.77358613,37.75868638],[126.77362065,37.75896349],[126.77372289,37.75922995],[126.77388892,37.75947552],[126.77411235,37.75969076],[126.77438461,37.7598674],[126.77469522,37.75999866],[126.77503225,37.76007949],[126.77538276,37.76010678],[126.77573327,37.76007949],[126.7760703,37.75999866],[126.77638091,37.7598674],[126.77665317,37.75969076],[126.7768766,37.75947552],[126.77704263,37.75922995],[126.77714487,37.75896349],[126.77717939,37.75868638]]]}"
6242950,2017029,4148025021,41480002,경기도 파주시2,경기도 파주시 문산읍((한평부동산앞) 부근),4,4,1,3,0,0,126.7856074,37.85554452,"{""type"":""Polygon"",""coordinates"":[[[126.78740405,37.85554452],[126.78736953,37.85526777],[126.78726729,37.85500166],[126.78710126,37.85475641],[126.78687783,37.85454144],[126.78660557,37.85436503],[126.78629496,37.85423394],[126.78595792,37.85415321],[126.78560742,37.85412595],[126.78525691,37.85415321],[126.78491988,37.85423394],[126.78460926,37.85436503],[126.78433701,37.85454144],[126.78411358,37.85475641],[126.78394755,37.85500166],[126.78384531,37.85526777],[126.78381079,37.85554452],[126.78384531,37.85582126],[126.78394755,37.85608737],[126.78411358,37.85633262],[126.78433701,37.85654757],[126.78460926,37.85672399],[126.78491988,37.85685507],[126.78525691,37.85693579],[126.78560742,37.85696305],[126.78595792,37.85693579],[126.78629496,37.85685507],[126.78660557,37.85672399],[126.78687783,37.85654757],[126.78710126,37.85633262],[126.78726729,37.85608737],[126.78736953,37.85582126],[126.78740405,37.85554452]]]}"
6242552,2017029,4148035027,41480003,경기도 파주시3,경기도 파주시 광탄면(광신교 부근),3,3,0,1,2,0,126.8465093,37.78261331,"{""type"":""Polygon"",""coordinates"":[[[126.84830597,37.78261331],[126.84827145,37.78233629],[126.84816921,37.78206992],[126.84800318,37.78182442],[126.84777975,37.78160925],[126.84750749,37.78143265],[126.84719688,37.78130143],[126.84685984,37.78122063],[126.84650934,37.78119335],[126.84615883,37.78122063],[126.8458218,37.78130143],[126.84551118,37.78143265],[126.84523893,37.78160925],[126.84501549,37.78182442],[126.84484947,37.78206992],[126.84474723,37.78233629],[126.84471271,37.78261331],[126.84474723,37.78289033],[126.84484947,37.7831567],[126.84501549,37.78340219],[126.84523893,37.78361736],[126.84551118,37.78379395],[126.8458218,37.78392516],[126.84615883,37.78400596],[126.84650934,37.78403325],[126.84685984,37.78400596],[126.84719688,37.78392516],[126.84750749,37.78379395],[126.84777975,37.78361736],[126.84800318,37.78340219],[126.84816921,37.7831567],[126.84827145,37.78289033],[126.84830597,37.78261331]]]}"
6398110,2018029,4148026221,41480001,경기도 파주시1,경기도 파주시 조리읍(파주약국 부근),6,6,0,4,2,0,126.8070009,37.74369433,"{""type"":""Polygon"",""coordinates"":[[[126.80879748,37.74369433],[126.80876296,37.74341717],[126.80866072,37.74315065],[126.80849469,37.74290503],[126.80827126,37.74268974],[126.80799901,37.74251306],[126.80768839,37.74238177],[126.80735136,37.74230092],[126.80700085,37.74227362],[126.80665035,37.74230092],[126.80631331,37.74238177],[126.8060027,37.74251306],[126.80573044,37.74268974],[126.80550701,37.74290503],[126.80534098,37.74315065],[126.80523874,37.74341717],[126.80520422,37.74369433],[126.80523874,37.7439715],[126.80534098,37.74423801],[126.80550701,37.74448363],[126.80573044,37.74469891],[126.8060027,37.74487559],[126.80631331,37.74500688],[126.80665035,37.74508772],[126.80700085,37.74511502],[126.80735136,37.74508772],[126.80768839,37.74500688],[126.80799901,37.74487559],[126.80827126,37.74469891],[126.80849469,37.74448363],[126.80866072,37.74423801],[126.80876296,37.7439715],[126.80879748,37.74369433]]]}"
6402552,2018029,4148025021,41480002,경기도 파주시2,경기도 파주시 문산읍(문산우체국 부근),4,4,0,3,1,0,126.7857056,37.85575109,"{""type"":""Polygon"",""coordinates"":[[[126.78750223,37.85575109],[126.78746771,37.85547435],[126.78736547,37.85520824],[126.78719944,37.85496299],[126.78697601,37.85474802],[126.78670376,37.85457161],[126.78639314,37.85444052],[126.78605611,37.85435979],[126.7857056,37.85433254],[126.7853551,37.85435979],[126.78501806,37.85444052],[126.78470745,37.85457161],[126.78443519,37.85474802],[126.78421176,37.85496299],[126.78404573,37.85520824],[126.78394349,37.85547435],[126.78390897,37.85575109],[126.78394349,37.85602784],[126.78404573,37.85629394],[126.78421176,37.85653919],[126.78443519,37.85675415],[126.78470745,37.85693056],[126.78501806,37.85706165],[126.7853551,37.85714237],[126.7857056,37.85716962],[126.78605611,37.85714237],[126.78639314,37.85706165],[126.78670376,37.85693056],[126.78697601,37.85675415],[126.78719944,37.85653919],[126.78736547,37.85629394],[126.78746771,37.85602784],[126.78750223,37.85575109]]]}"
6402551,2018029,4148010100,41480003,경기도 파주시3,경기도 파주시 금촌동(금촌역교차로 부근),4,4,0,3,1,0,126.7743422,37.76476541,"{""type"":""Polygon"",""coordinates"":[[[126.77613883,37.76476541],[126.77610431,37.76448832],[126.77600207,37.76422188],[126.77583605,37.76397633],[126.77561261,37.7637611],[126.77534036,37.76358447],[126.77502974,37.76345322],[126.77469271,37.76337239],[126.7743422,37.7633451],[126.7739917,37.76337239],[126.77365466,37.76345322],[126.77334405,37.76358447],[126.77307179,37.7637611],[126.77284836,37.76397633],[126.77268233,37.76422188],[126.7725801,37.76448832],[126.77254557,37.76476541],[126.7725801,37.76504249],[126.77268233,37.76530893],[126.77284836,37.76555448],[126.77307179,37.7657697],[126.77334405,37.76594633],[126.77365466,37.76607758],[126.7739917,37.7661584],[126.7743422,37.76618569],[126.77469271,37.7661584],[126.77502974,37.76607758],[126.77534036,37.76594633],[126.77561261,37.7657697],[126.77583605,37.76555448],[126.77600207,37.76530893],[126.77610431,37.76504249],[126.77613883,37.76476541]]]}"
6402553,2018029,4148012200,41480004,경기도 파주시4,경기도 파주시 와동(운정1동행정복지센터앞교차로 부근),3,4,2,0,2,0,126.7500741,37.72315604,"{""type"":""Polygon"",""coordinates"":[[[126.7518707,37.72315604],[126.75183618,37.7228788],[126.75173394,37.72261221],[126.75156791,37.72236652],[126.75134448,37.72215117],[126.75107222,37.72197443],[126.75076161,37.72184311],[126.75042457,37.72176224],[126.75007407,37.72173493],[126.74972356,37.72176224],[126.74938653,37.72184311],[126.74907592,37.72197443],[126.74880366,37.72215117],[126.74858023,37.72236652],[126.7484142,37.72261221],[126.74831196,37.7228788],[126.74827744,37.72315604],[126.74831196,37.72343328],[126.7484142,37.72369986],[126.74858023,37.72394555],[126.74880366,37.7241609],[126.74907592,37.72433762],[126.74938653,37.72446894],[126.74972356,37.72454981],[126.75007407,37.72457712],[126.75042457,37.72454981],[126.75076161,37.72446894],[126.75107222,37.72433762],[126.75134448,37.7241609],[126.75156791,37.72394555],[126.75173394,37.72369986],[126.75183618,37.72343328],[126.7518707,37.72315604]]]}"
6512637,2019036,4148010100,41480001,경기도 파주시1,경기도 파주시 금촌동(메디인병원 부근),8,10,1,4,5,0,126.7754404,37.7586965,"{""type"":""Polygon"",""coordinates"":[[[126.777237,37.7586965],[126.77720247,37.75841939],[126.77710024,37.75815293],[126.77693421,37.75790736],[126.77671078,37.75769211],[126.77643852,37.75751546],[126.77612791,37.7573842],[126.77579087,37.75730337],[126.77544037,37.75727608],[126.77508986,37.75730337],[126.77475283,37.7573842],[126.77444221,37.75751546],[126.77416996,37.75769211],[126.77394652,37.75790736],[126.7737805,37.75815293],[126.77367826,37.75841939],[126.77364374,37.7586965],[126.77367826,37.75897361],[126.7737805,37.75924007],[126.77394652,37.75948564],[126.77416996,37.75970088],[126.77444221,37.75987752],[126.77475283,37.76000878],[126.77508986,37.76008961],[126.77544037,37.7601169],[126.77579087,37.76008961],[126.77612791,37.76000878],[126.77643852,37.75987752],[126.77671078,37.75970088],[126.77693421,37.75948564],[126.77710024,37.75924007],[126.77720247,37.75897361],[126.777237,37.7586965]]]}"
6512638,2019036,4148010100,41480002,경기도 파주시2,경기도 파주시 금촌동(금촌사거리 부근),4,4,0,3,1,0,126.7751742,37.76352663,"{""type"":""Polygon"",""coordinates"":[[[126.77697086,37.76352663],[126.77693634,37.76324954],[126.7768341,37.7629831],[126.77666807,37.76273754],[126.77644464,37.76252231],[126.77617238,37.76234567],[126.77586177,37.76221442],[126.77552473,37.76213359],[126.77517423,37.7621063],[126.77482372,37.76213359],[126.77448669,37.76221442],[126.77417607,37.76234567],[126.77390382,37.76252231],[126.77368038,37.76273754],[126.77351436,37.7629831],[126.77341212,37.76324954],[126.7733776,37.76352663],[126.77341212,37.76380372],[126.77351436,37.76407016],[126.77368038,37.76431571],[126.77390382,37.76453094],[126.77417607,37.76470757],[126.77448669,37.76483882],[126.77482372,37.76491964],[126.77517423,37.76494693],[126.77552473,37.76491964],[126.77586177,37.76483882],[126.77617238,37.76470757],[126.77644464,37.76453094],[126.77666807,37.76431571],[126.7768341,37.76407016],[126.77693634,37.76380372],[126.77697086,37.76352663]]]}"
6506304,2019036,4148025625,41480003,경기도 파주시3,경기도 파주시 법원읍(법원사거리 부근),3,3,0,2,1,0,126.8729161,37.84935421,"{""type"":""Polygon"",""coordinates"":[[[126.87471274,37.84935421],[126.87467821,37.84907745],[126.87457598,37.84881131],[126.87440995,37.84856604],[126.87418652,37.84835106],[126.87391426,37.84817463],[126.87360365,37.84804353],[126.87326661,37.84796279],[126.87291611,37.84793553],[126.8725656,37.84796279],[126.87222856,37.84804353],[126.87191795,37.84817463],[126.8716457,37.84835106],[126.87142226,37.84856604],[126.87125624,37.84881131],[126.871154,37.84907745],[126.87111947,37.84935421],[126.871154,37.84963098],[126.87125624,37.84989711],[126.87142226,37.85014238],[126.8716457,37.85035736],[126.87191795,37.85053378],[126.87222856,37.85066488],[126.8725656,37.85074561],[126.87291611,37.85077287],[126.87326661,37.85074561],[126.87360365,37.85066488],[126.87391426,37.85053378],[126.87418652,37.85035736],[126.87440995,37.85014238],[126.87457598,37.84989711],[126.87467821,37.84963098],[126.87471274,37.84935421]]]}"
6614405,2020027,4148025000,41480001,경기도 파주시1,경기도 파주시 문산읍(문산역입구 부근),7,7,1,3,3,0,126.7858013,37.8548332,"{""type"":""Polygon"",""coordinates"":[[[126.78759788,37.8548332],[126.78756336,37.85455645],[126.78746112,37.85429034],[126.7872951,37.85404509],[126.78707166,37.85383012],[126.78679941,37.8536537],[126.78648879,37.85352261],[126.78615176,37.85344188],[126.78580125,37.85341462],[126.78545075,37.85344188],[126.78511371,37.85352261],[126.7848031,37.8536537],[126.78453084,37.85383012],[126.78430741,37.85404509],[126.78414138,37.85429034],[126.78403914,37.85455645],[126.78400462,37.8548332],[126.78403914,37.85510995],[126.78414138,37.85537606],[126.78430741,37.85562131],[126.78453084,37.85583627],[126.7848031,37.85601268],[126.78511371,37.85614377],[126.78545075,37.85622449],[126.78580125,37.85625175],[126.78615176,37.85622449],[126.78648879,37.85614377],[126.78679941,37.85601268],[126.78707166,37.85583627],[126.7872951,37.85562131],[126.78746112,37.85537606],[126.78756336,37.85510995],[126.78759788,37.8548332]]]}"
6614406,2020027,4148010100,41480002,경기도 파주시2,경기도 파주시 금촌동(비키앞 부근),6,7,0,3,3,1,126.7756725,37.76284489,"{""type"":""Polygon"",""coordinates"":[[[126.77746913,37.76284489],[126.77743461,37.7625678],[126.77733237,37.76230135],[126.77716634,37.76205579],[126.77694291,37.76184056],[126.77667065,37.76166392],[126.77636004,37.76153266],[126.776023,37.76145184],[126.7756725,37.76142455],[126.77532199,37.76145184],[126.77498496,37.76153266],[126.77467434,37.76166392],[126.77440209,37.76184056],[126.77417865,37.76205579],[126.77401263,37.76230135],[126.77391039,37.7625678],[126.77387587,37.76284489],[126.77391039,37.76312198],[126.77401263,37.76338843],[126.77417865,37.76363398],[126.77440209,37.76384921],[126.77467434,37.76402584],[126.77498496,37.76415709],[126.77532199,37.76423792],[126.7756725,37.76426521],[126.776023,37.76423792],[126.77636004,37.76415709],[126.77667065,37.76402584],[126.77694291,37.76384921],[126.77716634,37.76363398],[126.77733237,37.76338843],[126.77743461,37.76312198],[126.77746913,37.76284489]]]}"
6614407,2020027,4148025000,41480003,경기도 파주시3,경기도 파주시 문산읍(산호빌라입구 부근),4,4,0,4,0,0,126.7839787,37.86385779,"{""type"":""Polygon"",""coordinates"":[[[126.78577529,37.86385779],[126.78574077,37.86358108],[126.78563853,37.863315],[126.78547251,37.86306977],[126.78524907,37.86285483],[126.78497682,37.86267844],[126.78466621,37.86254736],[126.78432917,37.86246665],[126.78397866,37.86243939],[126.78362816,37.86246665],[126.78329112,37.86254736],[126.78298051,37.86267844],[126.78270825,37.86285483],[126.78248482,37.86306977],[126.78231879,37.863315],[126.78221656,37.86358108],[126.78218203,37.86385779],[126.78221656,37.86413451],[126.78231879,37.86440058],[126.78248482,37.8646458],[126.78270825,37.86486074],[126.78298051,37.86503713],[126.78329112,37.8651682],[126.78362816,37.86524891],[126.78397866,37.86527617],[126.78432917,37.86524891],[126.78466621,37.8651682],[126.78497682,37.86503713],[126.78524907,37.86486074],[126.78547251,37.8646458],[126.78563853,37.86440058],[126.78574077,37.86413451],[126.78577529,37.86385779]]]}"
6608020,2020027,4148035000,41480004,경기도 파주시4,경기도 파주시 광탄면(신산2교앞 부근),3,3,0,3,0,0,126.8487954,37.78092249,"{""type"":""Polygon"",""coordinates"":[[[126.85059205,37.78092249],[126.85055753,37.78064547],[126.85045529,37.78037909],[126.85028926,37.78013359],[126.85006583,37.77991841],[126.84979357,37.77974181],[126.84948296,37.77961059],[126.84914593,37.77952978],[126.84879542,37.7795025],[126.84844492,37.77952978],[126.84810788,37.77961059],[126.84779727,37.77974181],[126.84752501,37.77991841],[126.84730158,37.78013359],[126.84713555,37.78037909],[126.84703331,37.78064547],[126.84699879,37.78092249],[126.84703331,37.78119952],[126.84713555,37.78146589],[126.84730158,37.78171139],[126.84752501,37.78192657],[126.84779727,37.78210316],[126.84810788,37.78223437],[126.84844492,37.78231518],[126.84879542,37.78234246],[126.84914593,37.78231518],[126.84948296,37.78223437],[126.84979357,37.78210316],[126.85006583,37.78192657],[126.85028926,37.78171139],[126.85045529,37.78146589],[126.85055753,37.78119952],[126.85059205,37.78092249]]]}"
6614408,2020027,4148025000,41480005,경기도 파주시5,경기도 파주시 문산읍(문산시외버스터미널 부근),3,4,0,1,1,2,126.7856737,37.85833349,"{""type"":""Polygon"",""coordinates"":[[[126.78747033,37.85833349],[126.7874358,37.85805675],[126.78733357,37.85779065],[126.78716754,37.85754541],[126.7869441,37.85733045],[126.78667185,37.85715404],[126.78636124,37.85702296],[126.7860242,37.85694223],[126.78567369,37.85691498],[126.78532319,37.85694223],[126.78498615,37.85702296],[126.78467554,37.85715404],[126.78440329,37.85733045],[126.78417985,37.85754541],[126.78401382,37.85779065],[126.78391159,37.85805675],[126.78387706,37.85833349],[126.78391159,37.85861022],[126.78401382,37.85887632],[126.78417985,37.85912156],[126.78440329,37.85933651],[126.78467554,37.85951291],[126.78498615,37.85964399],[126.78532319,37.85972471],[126.78567369,37.85975197],[126.7860242,37.85972471],[126.78636124,37.85964399],[126.78667185,37.85951291],[126.7869441,37.85933651],[126.78716754,37.85912156],[126.78733357,37.85887632],[126.7874358,37.85861022],[126.78747033,37.85833349]]]}"
6679159,2021024,4148035000,41480001,경기도 파주시1,경기도 파주시 광탄면(신산3교 부근),4,5,0,3,2,0,126.8475414,37.78147437,"{""type"":""Polygon"",""coordinates"":[[[126.84933804,37.78147437],[126.84930352,37.78119734],[126.84920128,37.78093097],[126.84903525,37.78068547],[126.84881182,37.78047029],[126.84853957,37.78029369],[126.84822895,37.78016247],[126.84789192,37.78008167],[126.84754141,37.78005438],[126.84719091,37.78008167],[126.84685387,37.78016247],[126.84654326,37.78029369],[126.846271,37.78047029],[126.84604757,37.78068547],[126.84588154,37.78093097],[126.8457793,37.78119734],[126.84574478,37.78147437],[126.8457793,37.78175139],[126.84588154,37.78201777],[126.84604757,37.78226326],[126.846271,37.78247843],[126.84654326,37.78265502],[126.84685387,37.78278624],[126.84719091,37.78286704],[126.84754141,37.78289433],[126.84789192,37.78286704],[126.84822895,37.78278624],[126.84853957,37.78265502],[126.84881182,37.78247843],[126.84903525,37.78226326],[126.84920128,37.78201777],[126.84930352,37.78175139],[126.84933804,37.78147437]]]}"
6679211,2021024,4148025000,41480002,경기도 파주시2,경기도 파주시 문산읍(문산시외버스터미널 부근),4,4,0,2,2,0,126.7854461,37.85812124,"{""type"":""Polygon"",""coordinates"":[[[126.78724277,37.85812124],[126.78720825,37.8578445],[126.78710601,37.8575784],[126.78693998,37.85733316],[126.78671655,37.8571182],[126.78644429,37.85694179],[126.78613368,37.85681071],[126.78579664,37.85672998],[126.78544614,37.85670273],[126.78509563,37.85672998],[126.7847586,37.85681071],[126.78444798,37.85694179],[126.78417573,37.8571182],[126.78395229,37.85733316],[126.78378627,37.8575784],[126.78368403,37.8578445],[126.78364951,37.85812124],[126.78368403,37.85839797],[126.78378627,37.85866407],[126.78395229,37.85890931],[126.78417573,37.85912426],[126.78444798,37.85930067],[126.7847586,37.85943175],[126.78509563,37.85951247],[126.78544614,37.85953972],[126.78579664,37.85951247],[126.78613368,37.85943175],[126.78644429,37.85930067],[126.78671655,37.85912426],[126.78693998,37.85890931],[126.78710601,37.85866407],[126.78720825,37.85839797],[126.78724277,37.85812124]]]}"
6678115,2021024,4148026200,41480003,경기도 파주시3,경기도 파주시 조리읍(바위재길앞 부근),2,2,2,0,0,0,126.8130354,37.72813693,"{""type"":""Polygon"",""coordinates"":[[[126.81483204,37.72813693],[126.81479752,37.7278597],[126.81469528,37.72759313],[126.81452925,37.72734746],[126.81430582,37.72713212],[126.81403356,37.7269554],[126.81372295,37.72682409],[126.81338592,37.72674322],[126.81303541,37.72671592],[126.8126849,37.72674322],[126.81234787,37.72682409],[126.81203726,37.7269554],[126.811765,37.72713212],[126.81154157,37.72734746],[126.81137554,37.72759313],[126.8112733,37.7278597],[126.81123878,37.72813693],[126.8112733,37.72841415],[126.81137554,37.72868072],[126.81154157,37.72892639],[126.811765,37.72914172],[126.81203726,37.72931843],[126.81234787,37.72944974],[126.8126849,37.72953061],[126.81303541,37.72955791],[126.81338592,37.72953061],[126.81372295,37.72944974],[126.81403356,37.72931843],[126.81430582,37.72914172],[126.81452925,37.72892639],[126.81469528,37.72868072],[126.81479752,37.72841415],[126.81483204,37.72813693]]]}"
6678247,2021024,4148010700,41480004,경기도 파주시4,경기도 파주시 교하동(북진로삼거리 부근),2,2,1,1,0,0,126.7428774,37.75318723,"{""type"":""Polygon"",""coordinates"":[[[126.74467402,37.75318723],[126.7446395,37.7529101],[126.74453726,37.75264362],[126.74437123,37.75239803],[126.7441478,37.75218277],[126.74387554,37.7520061],[126.74356493,37.75187483],[126.74322789,37.751794],[126.74287739,37.7517667],[126.74252688,37.751794],[126.74218985,37.75187483],[126.74187924,37.7520061],[126.74160698,37.75218277],[126.74138355,37.75239803],[126.74121752,37.75264362],[126.74111528,37.7529101],[126.74108076,37.75318723],[126.74111528,37.75346436],[126.74121752,37.75373084],[126.74138355,37.75397642],[126.74160698,37.75419168],[126.74187924,37.75436834],[126.74218985,37.7544996],[126.74252688,37.75458044],[126.74287739,37.75460773],[126.74322789,37.75458044],[126.74356493,37.7544996],[126.74387554,37.75436834],[126.7441478,37.75419168],[126.74437123,37.75397642],[126.74453726,37.75373084],[126.7446395,37.75346436],[126.74467402,37.75318723]]]}"
6682558,2021024,4148010200,41480005,경기도 파주시5,경기도 파주시 아동동(풍원세차장 부근),2,2,1,1,0,0,126.7951513,37.76271627,"{""type"":""Polygon"",""coordinates"":[[[126.79694791,37.76271627],[126.79691339,37.76243917],[126.79681115,37.76217273],[126.79664513,37.76192717],[126.79642169,37.76171193],[126.79614944,37.7615353],[126.79583882,37.76140404],[126.79550179,37.76132321],[126.79515128,37.76129592],[126.79480078,37.76132321],[126.79446374,37.76140404],[126.79415313,37.7615353],[126.79388087,37.76171193],[126.79365744,37.76192717],[126.79349141,37.76217273],[126.79338917,37.76243917],[126.79335465,37.76271627],[126.79338917,37.76299336],[126.79349141,37.7632598],[126.79365744,37.76350536],[126.79388087,37.76372059],[126.79415313,37.76389722],[126.79446374,37.76402847],[126.79480078,37.7641093],[126.79515128,37.76413659],[126.79550179,37.7641093],[126.79583882,37.76402847],[126.79614944,37.76389722],[126.79642169,37.76372059],[126.79664513,37.76350536],[126.79681115,37.7632598],[126.79691339,37.76299336],[126.79694791,37.76271627]]]}"
